               epoch,      train/box_loss,      train/obj_loss,      train/cls_loss,   metrics/precision,      metrics/recall,     metrics/mAP_0.5,metrics/mAP_0.5:0.95,        val/box_loss,        val/obj_loss,        val/cls_loss,               x/lr0,               x/lr1,               x/lr2
                   0,            0.071589,            0.040503,            0.034873,            0.076923,                   1,             0.14214,            0.014214,            0.068301,            0.022179,            0.028333,              0.0991,              0.0001,              0.0001
                   1,            0.070068,            0.035809,            0.032152,                   0,                   0,                   0,                   0,            0.069581,             0.02133,            0.028979,            0.097226,          0.00022575,          0.00022575
                   2,            0.047886,            0.036511,             0.02355,                   0,                   0,                   0,                   0,            0.069581,             0.02133,            0.028979,            0.095253,           0.0002525,           0.0002525
                   3,              0.0373,            0.026803,            0.014373,                   0,                   0,                   0,                   0,            0.068972,            0.021278,            0.028796,             0.09318,          0.00018025,          0.00018025
