               epoch,      train/box_loss,      train/obj_loss,      train/cls_loss,   metrics/precision,      metrics/recall,     metrics/mAP_0.5,metrics/mAP_0.5:0.95,        val/box_loss,        val/obj_loss,        val/cls_loss,               x/lr0,               x/lr1,               x/lr2
                   0,            0.093453,            0.037864,            0.042504,                   0,                   0,                   0,                   0,            0.032871,            0.020679,            0.013892,              0.0991,              0.0001,              0.0001
                   1,            0.067167,            0.034909,            0.030928,                   0,                   0,                   0,                   0,            0.033593,            0.019901,            0.014209,            0.097241,           0.0002406,           0.0002406
                   2,            0.061964,            0.036641,            0.030382,                   0,                   0,                   0,                   0,            0.033593,            0.019901,            0.014209,            0.095302,            0.000302,            0.000302
                   3,            0.060679,            0.026603,             0.02169,                   0,                   0,                   0,                   0,            0.033705,            0.019566,             0.01427,            0.093284,           0.0002842,           0.0002842
                   4,            0.046212,            0.036046,            0.024951,                   0,                   0,                   0,                   0,            0.033705,            0.019566,             0.01427,            0.091187,           0.0001872,           0.0001872
