               epoch,      train/box_loss,      train/obj_loss,      train/cls_loss,   metrics/precision,      metrics/recall,     metrics/mAP_0.5,metrics/mAP_0.5:0.95,        val/box_loss,        val/obj_loss,        val/cls_loss,               x/lr0,               x/lr1,               x/lr2
                   0,            0.093487,            0.037928,            0.042525,                   0,                   0,                   0,                   0,            0.030192,              0.0224,            0.013696,              0.0991,              0.0001,              0.0001
                   1,            0.067301,            0.034973,             0.03097,                   0,                   0,                   0,                   0,            0.030938,            0.021336,             0.01377,            0.097241,           0.0002406,           0.0002406
                   2,            0.062071,            0.036708,            0.030417,                   0,                   0,                   0,                   0,            0.030938,            0.021336,             0.01377,            0.095302,            0.000302,            0.000302
                   3,            0.060731,            0.026685,            0.021735,                   0,                   0,                   0,                   0,             0.03248,            0.020851,            0.013855,            0.093284,           0.0002842,           0.0002842
                   4,            0.046259,             0.03609,             0.02497,                   0,                   0,                   0,                   0,             0.03248,            0.020851,            0.013855,            0.091187,           0.0001872,           0.0001872
