               epoch,      train/box_loss,      train/obj_loss,      train/cls_loss,   metrics/precision,      metrics/recall,     metrics/mAP_0.5,metrics/mAP_0.5:0.95,        val/box_loss,        val/obj_loss,        val/cls_loss,               x/lr0,               x/lr1,               x/lr2
                   0,            0.071599,            0.040499,            0.034879,            0.083333,                   1,             0.16583,            0.016583,            0.068495,            0.022217,            0.028381,              0.0991,              0.0001,              0.0001
                   1,            0.070091,            0.035801,            0.032158,                   0,                   0,                   0,                   0,             0.06968,             0.02141,            0.029016,            0.097226,          0.00022575,          0.00022575
                   2,             0.04789,            0.036507,            0.023553,                   0,                   0,                   0,                   0,             0.06968,             0.02141,            0.029016,            0.095253,           0.0002525,           0.0002525
                   3,            0.037302,            0.026802,            0.014374,                   0,                   0,                   0,                   0,            0.068994,            0.021307,            0.028845,             0.09318,          0.00018025,          0.00018025
